id,dtype,shape,dims,path,traffic_B,task_us,aicore_us,aiv_us,aiv_scalar_us,aiv_scalar_ratio,aiv_vec_us,aiv_vec_ratio,aiv_mte2_us,aiv_mte2_ratio,aiv_mte3_us,aiv_mte3_ratio,block_dim,eff_bw_GBps,bw_ratio,bound,bound_ratio,n_samples
c01,fp16,"(2048, 2048)","(1, 0)",TRANS-hw,16777216,173.974,0.0,172.261,171.744,0.9975,7.467,0.043,113.855,0.661,120.212,0.6975,20,96.4,0.0643,SCALAR,0.9975,30
c02,fp32,"(1024, 1024)","(1, 0)",TRANS-scalar,8388608,900.488,0.0,820.273,814.406,0.993,0.02,0.0,4.001,0.005,6.026,0.007,20,9.3,0.0062,SCALAR,0.993,30
c03,int32,"(1024, 1024)","(1, 0)",TRANS-scalar,8388608,900.198,0.0,820.381,814.417,0.993,0.02,0.0,3.859,0.0045,6.226,0.008,20,9.3,0.0062,SCALAR,0.993,30
c04,int8,"(2048, 2048)","(1, 0)",TRANS-scalar,8388608,3355.807,0.0,3064.743,3058.791,0.998,0.02,0.0,4.326,0.001,5.899,0.002,20,2.5,0.0017,SCALAR,0.998,30
c05,fp16,"(1001, 1001)","(1, 0)",TRANS-half-mix,4008004,200.754,0.0,58.674,57.322,0.976,1.767,0.03,37.832,0.6445,35.968,0.6125,20,20.0,0.0133,SCALAR,0.976,30
c06,fp32,"(1001, 1001)","(1, 0)",TRANS-scalar,8016008,897.788,0.0,791.945,778.508,0.983,0.02,0.0,6.514,0.008,13.122,0.0165,20,8.9,0.006,SCALAR,0.983,30
c07,int8,"(1001, 1001)","(1, 0)",TRANS-scalar,2004002,966.469,0.0,737.448,731.832,0.992,0.02,0.0,4.147,0.006,3.119,0.004,20,2.1,0.0014,SCALAR,0.992,30
c08,fp16,"(8192, 64)","(1, 0)",TRANS-hw,2097152,24.741,0.0,23.008,22.205,0.964,0.951,0.041,21.108,0.919,13.284,0.58,20,84.8,0.0565,SCALAR,0.964,30
c09,fp16,"(64, 8192)","(1, 0)",TRANS-hw,2097152,25.79,0.0,23.834,22.508,0.942,0.951,0.04,14.101,0.593,21.621,0.904,20,81.3,0.0542,SCALAR,0.942,30
c10,fp32,"(4096, 65)","(1, 0)",TRANS-scalar,2129920,272.596,0.0,216.244,209.511,0.969,0.02,0.0,6.923,0.032,0.694,0.003,20,7.8,0.0052,SCALAR,0.969,30
c11,int8,"(10000, 33)","(1, 0)",TRANS-scalar,660000,506.36,0.0,263.539,246.204,0.9345,0.02,0.0,17.14,0.065,0.392,0.001,20,1.3,0.0009,SCALAR,0.9345,30
c12,fp16,"(2048, 2048)","(0, 1)",COPY-contig,16777216,28.041,0.0,25.738,12.828,0.5,0.02,0.001,19.833,0.771,11.415,0.4455,20,598.3,0.3989,MTE2-read,0.771,30
c13,fp32,"(1024, 1024)","(0, 1)",COPY-contig,8388608,15.31,0.0,13.428,7.607,0.572,0.02,0.001,9.858,0.7355,5.751,0.427,20,547.9,0.3653,MTE2-read,0.7355,30
c14,int8,"(2048, 2048)","(0, 1)",COPY-contig,8388608,25.681,0.0,23.199,13.483,0.583,0.02,0.001,18.223,0.788,11.549,0.4995,20,326.7,0.2178,MTE2-read,0.788,30
c15,fp16,"(16, 128, 256)","(0, 1, 2)",COPY-contig,2097152,18.931,0.0,16.847,14.139,0.8405,0.02,0.001,10.555,0.626,8.69,0.516,20,110.8,0.0739,SCALAR,0.8405,30
c16,fp16,"(8, 256, 256)","(0, 2, 1)",TRANS-hw,2097152,24.981,0.0,23.232,22.758,0.981,0.951,0.041,14.73,0.634,15.159,0.655,20,83.9,0.056,SCALAR,0.981,30
c17,fp32,"(4, 256, 257)","(0, 2, 1)",TRANS-scalar,2105344,262.945,0.0,209.165,205.978,0.985,0.02,0.0,2.599,0.0125,1.465,0.007,20,8.0,0.0053,SCALAR,0.985,30
c18,int8,"(8, 512, 512)","(0, 2, 1)",TRANS-scalar,4194304,1918.428,0.0,1533.345,1530.043,0.998,0.02,0.0,2.245,0.001,2.8,0.002,20,2.2,0.0015,SCALAR,0.998,30
c19,fp16,"(2, 4, 128, 129)","(0, 1, 3, 2)",TRANS-half-mix,528384,11.48,0.0,9.687,8.421,0.87,0.253,0.026,5.979,0.6165,5.015,0.516,20,46.0,0.0307,SCALAR,0.87,30
c20,fp16,"(64, 64, 64)","(2, 0, 1)",STRIDED-GetValue,1048576,1314.066,0.0,1273.9,1257.531,0.987,0.02,0.0,0.526,0.0,24.476,0.019,20,0.8,0.0005,SCALAR,0.987,30
c21,fp32,"(32, 32, 32)","(2, 0, 1)",STRIDED-GetValue,262144,176.433,0.0,168.038,163.563,0.973,0.02,0.0,0.567,0.003,6.112,0.0365,20,1.5,0.001,SCALAR,0.973,30
c22,int8,"(64, 64, 64)","(2, 1, 0)",STRIDED-GetValue,524288,1273.265,0.0,1253.193,1235.793,0.986,0.02,0.0,0.524,0.0,25.203,0.02,20,0.4,0.0003,SCALAR,0.986,30
c23,fp16,"(7, 11, 13)","(1, 2, 0)",STRIDED-GetValue,4004,6.46,0.0,4.428,3.287,0.7475,0.02,0.005,0.54,0.1215,1.004,0.225,20,0.6,0.0004,SCALAR,0.7475,30
c24,fp16,"(2, 3, 37, 53)","(0, 2, 3, 1)",STRIDED-GetValue,47064,53.591,0.0,47.608,33.894,0.712,0.02,0.0,0.462,0.01,24.693,0.519,20,0.9,0.0006,SCALAR,0.712,30
c25,int8,"(4096, 1)","(1, 0)",COPY-contig,8192,2.72,0.0,2.184,1.358,0.614,0.02,0.0095,0.564,0.241,0.155,0.0735,1,3.0,0.002,SCALAR,0.614,30
c26,int8,"(10000, 1)","(1, 0)",COPY-contig,20000,3.11,0.0,2.586,1.353,0.516,0.02,0.008,0.609,0.2225,0.277,0.107,1,6.4,0.0043,SCALAR,0.516,30
c27,int8,"(4096, 31)","(1, 0)",STRIDED-GetValue,253952,411.358,0.0,311.439,310.563,0.997,0.02,0.0,0.523,0.002,0.589,0.002,20,0.6,0.0004,SCALAR,0.997,30
c28,int8,"(4096, 32)","(1, 0)",TRANS-scalar,262144,498.37,0.0,495.243,484.598,0.979,0.02,0.0,10.637,0.021,0.286,0.001,4,0.5,0.0004,SCALAR,0.979,30
c29,fp16,"(1, 1)","(1, 0)",COPY-contig,4,2.82,0.0,2.303,1.451,0.6335,0.02,0.0085,0.506,0.2115,0.113,0.0495,1,0.0,0.0,SCALAR,0.6335,30
c30,fp16,"(1, 4096)","(1, 0)",TRANS-half-mix,16384,21.26,0.0,18.542,7.692,0.4225,0.02,0.001,1.932,0.1045,12.496,0.675,20,0.8,0.0005,MTE3-write,0.675,30
c31,fp16,"(4096, 1)","(1, 0)",COPY-contig,16384,2.9,0.0,2.378,1.421,0.593,0.02,0.0085,0.497,0.2145,0.158,0.067,1,5.6,0.0038,SCALAR,0.593,30
c32,int32,"(1, 1)","(1, 0)",COPY-contig,8,2.91,0.0,2.389,1.361,0.567,0.02,0.0085,0.354,0.145,0.115,0.051,1,0.0,0.0,SCALAR,0.567,30
c33,fp16,"(2, 3, 4, 5, 6)","(4, 3, 2, 1, 0)",STRIDED-GetValue,2880,11.511,0.0,9.793,7.858,0.798,0.02,0.002,0.54,0.0555,2.892,0.2925,20,0.3,0.0002,SCALAR,0.798,30
c34,fp16,"(2, 3, 4, 17, 9)","(0, 1, 2, 4, 3)",TRANS-half-mix,14688,10.4,0.0,6.467,4.973,0.7685,0.02,0.003,0.916,0.1435,1.315,0.2025,20,1.4,0.0009,SCALAR,0.7685,30
c35,fp16,"(4096, 4096)","(1, 0)",TRANS-hw,67108864,684.913,0.0,683.034,682.227,0.999,29.809,0.044,460.211,0.6735,480.648,0.7035,20,98.0,0.0653,SCALAR,0.999,30
c36,fp32,"(2048, 2048)","(0, 1)",COPY-contig,33554432,33.53,0.0,30.901,13.872,0.451,0.02,0.001,25.451,0.825,13.765,0.447,20,1000.7,0.6672,MTE2-read,0.825,30
