spec,op_name,task_count_total,warmup_dropped,task_count_hot,p50_us,p95_us,mean_us,population_std_us,population_cv,min_us,max_us,block_dim,block_dim_set,aiv_mte2_ratio_median,aiv_vec_ratio_median,aiv_scalar_ratio_median,aiv_mte3_ratio_median,acc,op_summary_csv
f16_same_big,Greater,1050,150,900,308.032,309.732,308.17529444444443,1.3163295927068586,0.004271366382823905,306.012,332.653,40,[40],0.991,0.172,0.243,0.468,PASS,specs/f16_same_big/profile/PROF_000001_20260831185833384_JMRPPQCKNOKHNBOA/mindstudio_profiler_output/op_summary_20260831185853.csv
f16_same_med,Greater,1050,150,900,33.221,33.861,33.14174222222222,0.50082899298791,0.015111727972227538,31.661,36.161,20,[20],0.919,0.309,0.468,0.326,PASS,specs/f16_same_med/profile/PROF_000001_20260831185901278_HGQKEKPOCCAFARNB/mindstudio_profiler_output/op_summary_20260831185916.csv
f16_same_sml,Greater,1050,150,900,2.8,3.08,2.8193522222222223,0.1372893106851187,0.04869533845505364,2.56,3.4,8,[8],0.247,0.099,0.943,0.071,PASS,specs/f16_same_sml/profile/PROF_000001_20260831185924302_MBHGKCNAIMPEEBEA/mindstudio_profiler_output/op_summary_20260831185938.csv
f16_same_12m,Greater,1050,150,900,66.203,67.02395,66.17200111111111,0.5557029992109983,0.008397856946745543,64.823,67.603,20,[20],0.958,0.3115,0.451,0.248,PASS,specs/f16_same_12m/profile/PROF_000001_20260831185946454_GQMAMHNJEBOBOKQA/mindstudio_profiler_output/op_summary_20260831190003.csv
f16_same_14m,Greater,1050,150,900,74.963,76.165,75.06122444444445,0.6510533248873808,0.00867363048905829,73.663,77.323,40,[40],0.965,0.159,0.245,0.551,PASS,specs/f16_same_14m/profile/PROF_000001_20260831190010410_RPFARPDQHIEGBANC/mindstudio_profiler_output/op_summary_20260831190027.csv
f16_bouter,Greater,1050,150,900,52.662,54.02395,52.667765555555555,0.8214544361018193,0.015596910699302866,50.422,54.762,40,[40],0.656,0.585,0.623,0.152,PASS,specs/f16_bouter/profile/PROF_000001_20260831190034807_ELFEPRQAQGNRKHJB/mindstudio_profiler_output/op_summary_20260831190051.csv
f16_bouter_big,Greater,1050,150,900,198.528,200.51,198.58297666666667,1.1684127849874897,0.0058837509871188,195.308,201.928,40,[40],0.681,0.6,0.606,0.155,PASS,specs/f16_bouter_big/profile/PROF_000001_20260831190058494_CHQGKBCBLGKLEOKC/mindstudio_profiler_output/op_summary_20260831190117.csv
f16_binner,Greater,1050,150,900,54.942,56.002,54.91630111111111,0.6670295524011984,0.012146294249709392,52.642,57.162,40,[40],0.674,0.525,0.627,0.147,PASS,specs/f16_binner/profile/PROF_000001_20260831190124544_LGMNGBDQPLJHCOIB/mindstudio_profiler_output/op_summary_20260831190140.csv
f16_bboth,Greater,1050,150,900,54.342,55.30199999999999,54.35188888888889,0.5780715342978169,0.010635721151836391,52.682,56.402,40,[40],0.671,0.528,0.744,0.148,PASS,specs/f16_bboth/profile/PROF_000001_20260831190147800_FJNIINIJKAMBIQJB/mindstudio_profiler_output/op_summary_20260831190204.csv
f16_3d_bouter,Greater,1050,150,900,91.324,92.80494999999999,91.38069888888889,0.8492936302853155,0.009294015482612843,88.783,93.924,40,[40],0.936,0.354,0.35,0.351,PASS,specs/f16_3d_bouter/profile/PROF_000001_20260831190211779_RQOEPNMIQAGJBKLC/mindstudio_profiler_output/op_summary_20260831190228.csv
f16_5d_bcast,Greater,1050,150,900,4.8,5.18005,4.797145555555555,0.23392239437761836,0.04876283024322949,4.34,5.34,20,[20],0.382,0.176,0.801,0.099,PASS,specs/f16_5d_bcast/profile/PROF_000001_20260831190235653_ILBJBHIBBKRCGNRB/mindstudio_profiler_output/op_summary_20260831190251.csv
f16_tail_same,Greater,1050,150,900,42.882,43.72295,42.89833111111111,0.4904011819462928,0.011431707696882265,41.662,44.762,20,[20],0.939,0.317,0.472,0.314,PASS,specs/f16_tail_same/profile/PROF_000001_20260831190258798_JRFHDLKODFHIRCLA/mindstudio_profiler_output/op_summary_20260831190315.csv
f16_tail_bouter,Greater,1050,150,900,35.9615,37.24105,36.02390222222222,0.7240774447495666,0.020099917001853894,34.182,39.862,40,[40],0.629,0.282,0.295,0.425,PASS,specs/f16_tail_bouter/profile/PROF_000001_20260831190322830_RDBGPKMOHIMOLELA/mindstudio_profiler_output/op_summary_20260831190339.csv
f16_tail_bouter_rev,Greater,1050,150,900,33.681,35.08105,33.75628333333333,0.6863546643520227,0.020332649112299275,32.161,36.162,40,[40],0.607,0.3,0.309,0.42,PASS,specs/f16_tail_bouter_rev/profile/PROF_000001_20260831190346958_QJOLMCHGHCAEKQDA/mindstudio_profiler_output/op_summary_20260831190403.csv
f16_tail_binner,Greater,1050,150,900,39.122,40.261,39.16310222222222,0.6059569608804788,0.015472649675250756,37.661,41.102,40,[40],0.432,0.408,0.485,0.318,PASS,specs/f16_tail_binner/profile/PROF_000001_20260831190410881_MIPQJHNLEMCBPNKA/mindstudio_profiler_output/op_summary_20260831190426.csv
f16_tail_binner_rev,Greater,1050,150,900,39.442,40.441,39.46284444444444,0.5755029280958643,0.014583412224784098,38.041,41.622,40,[40],0.434,0.406,0.494,0.317,PASS,specs/f16_tail_binner_rev/profile/PROF_000001_20260831190433949_KCBRRCJDAMRRIONB/mindstudio_profiler_output/op_summary_20260831190450.csv
f16_p1_rows2,Greater,1050,150,900,2.98,3.16,2.9839599999999997,0.09757567183131945,0.03270006026599534,2.76,3.36,1,[1],0.331,0.125,0.645,0.111,PASS,specs/f16_p1_rows2/profile/PROF_000001_20260831190457805_FQICPKANAIDOECNC/mindstudio_profiler_output/op_summary_20260831190511.csv
f16_p1_rows2_rev,Greater,1050,150,900,2.961,3.161,2.9901577777777777,0.09665631896085089,0.03232482234856645,2.78,3.36,1,[1],0.343,0.125,0.588,0.151,PASS,specs/f16_p1_rows2_rev/profile/PROF_000001_20260831190519165_AAOGEMLFCHERFMJA/mindstudio_profiler_output/op_summary_20260831190534.csv
f16_p1_partial_tail,Greater,1050,150,900,58.682,59.52395,58.72601777777778,0.45042067709044764,0.007669865830079987,57.702,60.902,16,[16],0.537,0.403,0.358,0.447,PASS,specs/f16_p1_partial_tail/profile/PROF_000001_20260831190542233_RLCHCHFEHQNOGFGB/mindstudio_profiler_output/op_summary_20260831190557.csv
f16_p2_5d_tail,Greater,1050,150,900,3.82,4.02,3.84688,0.09451637741682652,0.02456961938423515,3.64,4.24,2,[2],0.295,0.229,0.59,0.118,PASS,specs/f16_p2_5d_tail/profile/PROF_000001_20260831190605233_PJIOGMOPBFKMIPBC/mindstudio_profiler_output/op_summary_20260831190620.csv
f16_p1_large_inner,Greater,1050,150,900,354.114,355.69595,354.17368,0.8873223639692627,0.002505331180931521,352.134,357.654,20,[20],0.909,0.419,0.907,0.539,PASS,specs/f16_p1_large_inner/profile/PROF_000001_20260831190628412_CDQCBEOQMQQKENAA/mindstudio_profiler_output/op_summary_20260831190647.csv
f16_p2_large_inner,Greater,1050,150,900,454.519,456.73900000000003,454.57991,1.2999013619459323,0.0028595662354412724,451.118,459.839,20,[20],0.662,0.393,0.554,0.451,PASS,specs/f16_p2_large_inner/profile/PROF_000001_20260831190655253_LGQLJKHGQOMLLRKA/mindstudio_profiler_output/op_summary_20260831190712.csv
f16_p1_tiny_inner_big,Greater,1050,150,900,1401.116,1412.958,1401.4718777777778,6.552860818888831,0.00467569911518972,1382.215,1423.857,40,[40],0.778,0.201,0.17,0.756,PASS,specs/f16_p1_tiny_inner_big/profile/PROF_000001_20260831190720290_QMKAFLKGFHJBOIAA/mindstudio_profiler_output/op_summary_20260831190736.csv
f16_p2_tiny_inner_big,Greater,1050,150,900,1452.4279999999999,1465.019,1452.6747599999999,7.353061307310487,0.005061739564684449,1429.517,1480.319,40,[40],0.769,0.205,0.17,0.774,PASS,specs/f16_p2_tiny_inner_big/profile/PROF_000001_20260831190744487_OFCCFMEIRIDRNOAC/mindstudio_profiler_output/op_summary_20260831190802.csv
f16_vec,Greater,1050,150,900,308.533,310.692,308.8236522222222,1.005452396876129,0.00325574932373583,306.392,312.173,40,[40],0.991,0.171,0.243,0.454,PASS,specs/f16_vec/profile/PROF_000001_20260831190810413_BBNGQQGOMKDDRIOB/mindstudio_profiler_output/op_summary_20260831190829.csv
f32_same_big,Greater,1050,150,900,539.042,540.402,539.10731,0.7723551748530098,0.0014326557264693921,536.922,541.562,40,[40],0.995,0.139,0.252,0.454,PASS,specs/f32_same_big/profile/PROF_000001_20260831190837390_JQNMIGOAJQJCDRRA/mindstudio_profiler_output/op_summary_20260831190857.csv
f32_same_4m,Greater,1050,150,900,43.301,44.062,43.220555555555556,0.5589231732360422,0.012931883129489261,41.722,44.501,20,[20],0.948,0.229,0.44,0.2365,PASS,specs/f32_same_4m/profile/PROF_000001_20260831190904667_KIBPHKEGQMMEGAMB/mindstudio_profiler_output/op_summary_20260831190921.csv
f32_same_8m,Greater,1050,150,900,85.424,86.48400000000001,85.48773222222222,0.5391043029008142,0.006306218317962072,84.224,87.544,40,[40],0.969,0.113,0.223,0.633,PASS,specs/f32_same_8m/profile/PROF_000001_20260831190928508_EINQGEIFJBDCALAC/mindstudio_profiler_output/op_summary_20260831190945.csv
f32_bouter,Greater,1050,150,900,88.924,90.184,88.94923777777778,0.761920085570043,0.008565785436785314,86.903,91.064,40,[40],0.939,0.384,0.464,0.434,PASS,specs/f32_bouter/profile/PROF_000001_20260831190952394_JODDGGNIFJLGKFOB/mindstudio_profiler_output/op_summary_20260831191007.csv
f32_binner,Greater,1050,150,900,88.4135,89.24399999999999,88.43213333333333,0.49770580779322987,0.005628110382876246,87.064,90.364,40,[40],0.946,0.34,0.495,0.417,PASS,specs/f32_binner/profile/PROF_000001_20260831191014435_RAAFNNMOKONAKEMA/mindstudio_profiler_output/op_summary_20260831191030.csv
f32_binner_16128,Greater,1050,150,900,87.804,88.84494999999998,87.7844,0.6552145161870441,0.007463906072001905,85.783,89.784,40,[40],0.948,0.337,0.491,0.421,PASS,specs/f32_binner_16128/profile/PROF_000001_20260831191037566_OPPBLGDFBOLENHLC/mindstudio_profiler_output/op_summary_20260831191052.csv
f32_binner_16129,Greater,1050,150,900,88.403,89.363,88.4003311111111,0.5804521487875627,0.006566176183865054,86.803,90.284,40,[40],0.948,0.335,0.488,0.438,PASS,specs/f32_binner_16129/profile/PROF_000001_20260831191059672_GAQNNJFRQEGPCKHC/mindstudio_profiler_output/op_summary_20260831191116.csv
f32_tail_same,Greater,1050,150,900,43.162,43.78295,43.17733888888889,0.3556629516189745,0.00823725965451983,42.322,44.282,20,[20],0.949,0.224,0.434,0.1665,PASS,specs/f32_tail_same/profile/PROF_000001_20260831191123697_CIOLDEROBAIKPECB/mindstudio_profiler_output/op_summary_20260831191139.csv
f32_p1_large_inner,Greater,1050,150,900,232.86950000000002,234.21095000000003,232.8961111111111,0.8135446507509172,0.0034931654584940135,230.429,235.59,20,[20],0.983,0.407,0.719,0.548,PASS,specs/f32_p1_large_inner/profile/PROF_000001_20260831191146648_FLCERPHEDNQJEBDB/mindstudio_profiler_output/op_summary_20260831191201.csv
f32_p2_large_inner,Greater,1050,150,900,279.87149999999997,281.79105,279.91826000000003,1.0752511836568959,0.003841304185217841,276.771,284.052,20,[20],0.721,0.44,0.458,0.422,PASS,specs/f32_p2_large_inner/profile/PROF_000001_20260831191208836_OJCOQCAGJARQCRCA/mindstudio_profiler_output/op_summary_20260831191225.csv
f32_p1_tiny_inner_big,Greater,1050,150,900,1673.847,1686.4719499999999,1674.1694400000001,7.304503030609115,0.004363060784701168,1653.147,1697.268,40,[40],0.693,0.276,0.262,0.797,PASS,specs/f32_p1_tiny_inner_big/profile/PROF_000001_20260831191232722_OAHNJLIPLFREEPJC/mindstudio_profiler_output/op_summary_20260831191250.csv
f32_p2_tiny_inner_big,Greater,1050,150,900,1981.079,1992.943,1981.6197122222222,6.679050449183588,0.0033705006101769075,1963.879,2008.32,40,[40],0.668,0.271,0.274,0.727,PASS,specs/f32_p2_tiny_inner_big/profile/PROF_000001_20260831191257768_OCOKILIIRQOMIHLB/mindstudio_profiler_output/op_summary_20260831191315.csv
bf16_same_big,Greater,1050,150,900,162.7165,163.807,162.72794000000002,0.6212396914056427,0.003817658426731406,161.087,165.246,40,[40],0.97,0.34,0.33,0.449,PASS,specs/bf16_same_big/profile/PROF_000001_20260831191322918_NGAFDKLICINRABDB/mindstudio_profiler_output/op_summary_20260831191340.csv
bf16_bouter,Greater,1050,150,900,18.441,19.44005,18.445017777777778,0.5862092873478204,0.03178144333664317,17.161,20.18,40,[40],0.638,0.62,0.674,0.17,PASS,specs/bf16_bouter/profile/PROF_000001_20260831191347860_HLBGHJJHCKJNNLOA/mindstudio_profiler_output/op_summary_20260831191402.csv
bf16_binner,Greater,1050,150,900,22.381,23.101,22.37209,0.45213839045387666,0.020209930786702388,21.401,23.601,40,[40],0.445,0.661,0.765,0.135,PASS,specs/bf16_binner/profile/PROF_000001_20260831191410136_HJHEJOCCICJLMIOB/mindstudio_profiler_output/op_summary_20260831191425.csv
i32_same_big,Greater,1050,150,900,161.386,162.32605,161.3991988888889,0.5742222657152976,0.003557776430542298,159.507,163.466,40,[40],0.978,0.285,0.256,0.473,PASS,specs/i32_same_big/profile/PROF_000001_20260831191432955_DQJQGRAPNHLQEOOB/mindstudio_profiler_output/op_summary_20260831191448.csv
i32_bouter,Greater,1050,150,900,29.601,30.781,29.58772,0.7415945923331546,0.025064269647446798,27.861,32.041,40,[40],0.588,0.682,0.551,0.145,PASS,specs/i32_bouter/profile/PROF_000001_20260831191456026_ERLREJDKMGICGLEC/mindstudio_profiler_output/op_summary_20260831191510.csv
i32_binner,Greater,1050,150,900,30.702,31.601,30.72583,0.5059991117581136,0.016468199939858864,29.481,32.241,40,[40],0.534,0.714,0.67,0.139,PASS,specs/i32_binner/profile/PROF_000001_20260831191518193_EBLKABIAKPOBNJRB/mindstudio_profiler_output/op_summary_20260831191534.csv
i8_same_big,Greater,1050,150,900,176.827,177.868,176.85384222222223,0.6153838653822832,0.0034796182975150446,175.227,179.327,40,[40],0.962,0.396,0.378,0.47,PASS,specs/i8_same_big/profile/PROF_000001_20260831191542389_NBONRENJGPKHKHNA/mindstudio_profiler_output/op_summary_20260831191558.csv
i8_bouter,Greater,1050,150,900,44.762,45.562,44.77221333333333,0.4664149404887362,0.010417509114776909,43.701,46.202,40,[40],0.427,0.763,0.765,0.165,PASS,specs/i8_bouter/profile/PROF_000001_20260831191606164_PHAJDCNODINEIALB/mindstudio_profiler_output/op_summary_20260831191620.csv
i8_binner,Greater,1050,150,900,43.721,44.56295,43.72524333333333,0.4980814231852281,0.011391164124306258,42.202,46.082,40,[40],0.453,0.728,0.862,0.171,PASS,specs/i8_binner/profile/PROF_000001_20260831191628375_OOABRQNOENQJAGPB/mindstudio_profiler_output/op_summary_20260831191643.csv
scalar,Greater,1050,150,900,2.04,2.181949999999999,2.0536544444444442,0.07702228777165901,0.0375049892059592,1.88,2.4,1,[1],0.212,0.121,0.956,0.075,PASS,specs/scalar/profile/PROF_000001_20260831191651351_IRJPCPGBQRAAKNIA/mindstudio_profiler_output/op_summary_20260831191706.csv
f16_bscalar_x,Greater,1050,150,900,30.1115,31.221,30.10531888888889,0.71950572500146,0.02389962144752472,28.501,32.001,40,[40],0.648,0.532,0.601,0.14,PASS,specs/f16_bscalar_x/profile/PROF_000001_20260831191714324_MBEGHDFHKGRKBMJC/mindstudio_profiler_output/op_summary_20260831191729.csv
f16_tail_1d,Greater,1050,150,900,2.4,2.56,2.4197055555555558,0.08079313070512746,0.03338965376164442,2.26,3.04,4,[4],0.287,0.109,0.894,0.088,PASS,specs/f16_tail_1d/profile/PROF_000001_20260831191736622_QJFFFHRPOAQHIQMB/mindstudio_profiler_output/op_summary_20260831191752.csv
f16_tail_p1,Greater,1050,150,900,3.5705,3.82,3.5815133333333335,0.13776413353586955,0.03846534152300691,3.24,4.16,3,[3],0.3725,0.17,0.494,0.138,PASS,specs/f16_tail_p1/profile/PROF_000001_20260831191759393_RMFRQABNDBAQCDNC/mindstudio_profiler_output/op_summary_20260831191814.csv
f16_tail_p1_rev,Greater,1050,150,900,3.72,3.96,3.736617777777778,0.12297479649440161,0.03291072403116825,3.481,4.18,3,[3],0.3655,0.162,0.512,0.139,PASS,specs/f16_tail_p1_rev/profile/PROF_000001_20260831191821543_LNMJEQEJDNKOGKKB/mindstudio_profiler_output/op_summary_20260831191836.csv
f16_tail_p2,Greater,1050,150,900,3.76,4.02,3.787551111111111,0.1285808809396244,0.033948289321409066,3.56,4.361,3,[3],0.309,0.216,0.5805,0.138,PASS,specs/f16_tail_p2/profile/PROF_000001_20260831191843628_MMMGQAEKOKLBGDGB/mindstudio_profiler_output/op_summary_20260831191859.csv
f16_tail_p2_rev,Greater,1050,150,900,3.54,3.8,3.5576955555555556,0.13463707010668938,0.03784389867099378,3.28,4.1,3,[3],0.269,0.229,0.633,0.134,PASS,specs/f16_tail_p2_rev/profile/PROF_000001_20260831191906709_KLRRGDPJRILFOEPA/mindstudio_profiler_output/op_summary_20260831191922.csv
f32_tail_p1,Greater,1050,150,900,3.72,3.92,3.7276422222222223,0.10474145308836283,0.02809857997206651,3.52,4.221,5,[5],0.362,0.152,0.527,0.137,PASS,specs/f32_tail_p1/profile/PROF_000001_20260831191929669_DIKOJJNLJPRLQIPB/mindstudio_profiler_output/op_summary_20260831191945.csv
f32_tail_p1_rev,Greater,1050,150,900,3.661,3.9,3.674974444444444,0.1203223744419882,0.03274100983855349,3.4,4.26,5,[5],0.355,0.154,0.543,0.139,PASS,specs/f32_tail_p1_rev/profile/PROF_000001_20260831191952724_BHAONNBCMJROOGRA/mindstudio_profiler_output/op_summary_20260831192008.csv
f32_tail_p2,Greater,1050,150,900,3.46,3.7,3.476138888888889,0.12020273448030715,0.03457938198744662,3.24,4.08,5,[5],0.272,0.168,0.65,0.14,PASS,specs/f32_tail_p2/profile/PROF_000001_20260831192015843_KFEBHPHHLJBQKAFB/mindstudio_profiler_output/op_summary_20260831192031.csv
f32_tail_p2_rev,Greater,1050,150,900,3.4,3.6,3.4115155555555554,0.10053245347881024,0.029468560773552976,3.22,3.94,5,[5],0.264,0.175,0.666,0.139,PASS,specs/f32_tail_p2_rev/profile/PROF_000001_20260831192039013_LMPHNJHFAAJOLFBC/mindstudio_profiler_output/op_summary_20260831192054.csv
bf16_tail_p1,Greater,1050,150,900,3.9,4.18,3.91253,0.1584503994946052,0.04049819413387379,3.5,4.541,4,[4],0.329,0.219,0.548,0.118,PASS,specs/bf16_tail_p1/profile/PROF_000001_20260831192101919_MLORDQRDEPQBHAHB/mindstudio_profiler_output/op_summary_20260831192118.csv
bf16_tail_p1_rev,Greater,1050,150,900,3.98,4.2,3.974483333333333,0.14260639205714293,0.03588048561208616,3.64,4.561,4,[4],0.336,0.216,0.523,0.129,PASS,specs/bf16_tail_p1_rev/profile/PROF_000001_20260831192125776_DCAAPKFAGLOQICAC/mindstudio_profiler_output/op_summary_20260831192141.csv
bf16_tail_p2,Greater,1050,150,900,3.96,4.24,3.985917777777778,0.12836764872625103,0.032205292703709094,3.76,4.56,4,[4],0.268,0.266,0.628,0.128,PASS,specs/bf16_tail_p2/profile/PROF_000001_20260831192149045_IGDLCEEIDILEHAOA/mindstudio_profiler_output/op_summary_20260831192203.csv
bf16_tail_p2_rev,Greater,1050,150,900,3.841,4.1000499999999995,3.863908888888889,0.1221382937897715,0.03161003463124974,3.64,4.4,4,[4],0.241,0.276,0.66,0.122,PASS,specs/bf16_tail_p2_rev/profile/PROF_000001_20260831192211226_REBHBFCAKJCIQPLB/mindstudio_profiler_output/op_summary_20260831192227.csv
i32_tail_p1,Greater,1050,150,900,4.321,4.561,4.34566,0.12257007954635588,0.028205170111411357,4.06,4.84,6,[6],0.316,0.233,0.554,0.114,PASS,specs/i32_tail_p1/profile/PROF_000001_20260831192235121_QKBMAPQOMFPMBNKB/mindstudio_profiler_output/op_summary_20260831192249.csv
i32_tail_p1_rev,Greater,1050,150,900,4.34,4.58005,4.344876666666667,0.13675292119569354,0.03147452314235852,4.02,4.941,6,[6],0.307,0.236,0.558,0.114,PASS,specs/i32_tail_p1_rev/profile/PROF_000001_20260831192257184_QHPIMGFRNRBFGEJB/mindstudio_profiler_output/op_summary_20260831192312.csv
i32_tail_p2,Greater,1050,150,900,4.061,4.301,4.090896666666667,0.11331491708214474,0.027699286077170874,3.86,4.64,6,[6],0.222,0.273,0.635,0.111,PASS,specs/i32_tail_p2/profile/PROF_000001_20260831192320146_QCIFIHBOLAGGCNRA/mindstudio_profiler_output/op_summary_20260831192334.csv
i32_tail_p2_rev,Greater,1050,150,900,4.04,4.26005,4.056901111111111,0.11137618037229052,0.027453511269291603,3.86,4.64,6,[6],0.215,0.277,0.643,0.108,PASS,specs/i32_tail_p2_rev/profile/PROF_000001_20260831192342121_ILOAEGBHPHLPJPKC/mindstudio_profiler_output/op_summary_20260831192355.csv
i8_tail_p1,Greater,1050,150,900,3.84,4.16,3.8523344444444447,0.1614585475946009,0.04191187185926825,3.52,4.46,3,[3],0.29,0.241,0.553,0.128,PASS,specs/i8_tail_p1/profile/PROF_000001_20260831192403237_NRAPFGDEJHGHNQHA/mindstudio_profiler_output/op_summary_20260831192417.csv
i8_tail_p1_rev,Greater,1050,150,900,3.9,4.1209999999999996,3.8991266666666666,0.1313125514860547,0.033677426437216204,3.6,4.4,3,[3],0.32,0.236,0.52,0.135,PASS,specs/i8_tail_p1_rev/profile/PROF_000001_20260831192425196_AIFIQELJBLPGLBCC/mindstudio_profiler_output/op_summary_20260831192438.csv
i8_tail_p2,Greater,1050,150,900,3.58,3.84005,3.5915466666666664,0.13301870812450073,0.03703660858956793,3.32,4.201,3,[3],0.285,0.239,0.605,0.146,PASS,specs/i8_tail_p2/profile/PROF_000001_20260831192446572_MBBGQOOQCIFGQANA/mindstudio_profiler_output/op_summary_20260831192501.csv
i8_tail_p2_rev,Greater,1050,150,900,3.38,3.64,3.39778,0.11995057519198854,0.03530263148055158,3.2,4.0,3,[3],0.253,0.256,0.655,0.143,PASS,specs/i8_tail_p2_rev/profile/PROF_000001_20260831192509330_CHIJRLRHBQCDQREB/mindstudio_profiler_output/op_summary_20260831192525.csv
f16_p1_n1,Greater,1050,150,900,4.4,4.64,4.414708888888889,0.12804895647493963,0.029005073652131,4.16,5.1,1,[1],0.372,0.109,0.371,0.277,PASS,specs/f16_p1_n1/profile/PROF_000001_20260831192532659_APFQIEDRGIPPNBOB/mindstudio_profiler_output/op_summary_20260831192548.csv
f16_p2_n1,Greater,1050,150,900,2.18,2.38,2.192988888888889,0.10161424817464702,0.04633596124881938,2.0,2.64,1,[1],0.262,0.111,0.939,0.067,PASS,specs/f16_p2_n1/profile/PROF_000001_20260831192555487_ANDGKHDPMGCGBCAA/mindstudio_profiler_output/op_summary_20260831192611.csv
f16_p1_n7,Greater,1050,150,900,4.5,4.84,4.464777777777778,0.27485239585307025,0.06156015137440291,3.94,5.08,1,[1],0.333,0.106,0.363,0.299,PASS,specs/f16_p1_n7/profile/PROF_000001_20260831192618503_IBHKLJJMLPFKBMRB/mindstudio_profiler_output/op_summary_20260831192633.csv
f16_p2_n7,Greater,1050,150,900,4.3,4.58,4.3076566666666665,0.15747122809509612,0.036556123266191,4.02,4.84,1,[1],0.313,0.111,0.391,0.319,PASS,specs/f16_p2_n7/profile/PROF_000001_20260831192640647_NGQJENJMRNAJRRDB/mindstudio_profiler_output/op_summary_20260831192656.csv
f16_p1_n31,Greater,1050,150,900,3.8405,4.18,3.8634233333333334,0.184822538638795,0.04783905947975198,3.48,4.461,1,[1],0.265,0.127,0.433,0.325,PASS,specs/f16_p1_n31/profile/PROF_000001_20260831192703663_POAGGFNNRJPCBBIC/mindstudio_profiler_output/op_summary_20260831192719.csv
f16_p2_n31,Greater,1050,150,900,4.06,4.32,4.047611111111111,0.16728875199250512,0.04133024329666459,3.7,4.46,1,[1],0.283,0.118,0.419,0.333,PASS,specs/f16_p2_n31/profile/PROF_000001_20260831192726665_NMKKPEMRHDPGARFA/mindstudio_profiler_output/op_summary_20260831192742.csv
f16_p1_n33,Greater,1050,150,900,4.161,4.4,4.1796355555555555,0.11394166373983874,0.027261148065502488,3.92,4.64,1,[1],0.3085,0.116,0.417,0.296,PASS,specs/f16_p1_n33/profile/PROF_000001_20260831192749535_DOHKONDRAKEMNQJB/mindstudio_profiler_output/op_summary_20260831192803.csv
f16_p2_n33,Greater,1050,150,900,3.78,4.0,3.7612622222222223,0.13480711370759638,0.03584092406829053,3.46,4.12,1,[1],0.2715,0.128,0.447,0.314,PASS,specs/f16_p2_n33/profile/PROF_000001_20260831192810703_IGMIRJODMJGEFBGA/mindstudio_profiler_output/op_summary_20260831192825.csv
f16_p1_n255,Greater,1050,150,900,3.66,3.92,3.670922222222222,0.13695710827179738,0.037308637988219026,3.38,4.24,1,[1],0.369,0.135,0.457,0.194,PASS,specs/f16_p1_n255/profile/PROF_000001_20260831192832959_FOIKGAFHFBPOCEOA/mindstudio_profiler_output/op_summary_20260831192848.csv
f16_p2_n255,Greater,1050,150,900,3.56,3.86,3.5831844444444445,0.14519105949756236,0.04052011883526513,3.22,4.1,1,[1],0.356,0.138,0.467,0.204,PASS,specs/f16_p2_n255/profile/PROF_000001_20260831192855806_LPNIAGJANGGGKCRA/mindstudio_profiler_output/op_summary_20260831192911.csv
f16_p1_n257,Greater,1050,150,900,3.52,3.88,3.55491,0.1710215766439363,0.04810855314028662,3.281,4.26,1,[1],0.333,0.229,0.577,0.255,PASS,specs/f16_p1_n257/profile/PROF_000001_20260831192918735_HKLOEKFIKGRHBHHB/mindstudio_profiler_output/op_summary_20260831192933.csv
f16_p2_n257,Greater,1050,150,900,4.54,4.76,4.558737777777777,0.10783428704140621,0.023654417581783264,4.34,4.94,1,[1],0.236,0.348,0.686,0.209,PASS,specs/f16_p2_n257/profile/PROF_000001_20260831192941143_AOCJMQJHRFIGOEKC/mindstudio_profiler_output/op_summary_20260831192956.csv
f16_p1_n777,Greater,1050,150,900,4.06,4.36,4.057118888888889,0.1753699463638349,0.04322524214020826,3.7,4.68,2,[2],0.418,0.209,0.519,0.219,PASS,specs/f16_p1_n777/profile/PROF_000001_20260831193003895_OBPMGNBORGNMELJB/mindstudio_profiler_output/op_summary_20260831193019.csv
f16_p2_n777,Greater,1050,150,900,4.5,4.7,4.484292222222222,0.15567010041022133,0.0347145307878883,3.96,5.16,2,[2],0.35,0.247,0.601,0.198,PASS,specs/f16_p2_n777/profile/PROF_000001_20260831193027401_LEIJKDRQAFHGAHQB/mindstudio_profiler_output/op_summary_20260831193042.csv
f16_p1_n1000,Greater,1050,150,900,3.7,3.98,3.717497777777778,0.14213848097133827,0.038234987474909776,3.4,4.22,3,[3],0.382,0.164,0.479,0.1435,PASS,specs/f16_p1_n1000/profile/PROF_000001_20260831193050057_GLGLGCHHHACEGRDA/mindstudio_profiler_output/op_summary_20260831193106.csv
f16_p2_n1000,Greater,1050,150,900,3.52,3.72,3.521965555555555,0.11774252480269647,0.03343091320611276,3.26,4.22,3,[3],0.266,0.2325,0.64,0.135,PASS,specs/f16_p2_n1000/profile/PROF_000001_20260831193114012_BPJIKQQGQMDPDRHA/mindstudio_profiler_output/op_summary_20260831193128.csv
f16_p1_n10000,Greater,1050,150,900,4.78,5.2,4.793823333333333,0.24459436922291478,0.05102281669876197,4.28,5.78,20,[20],0.38,0.156,0.791,0.135,PASS,specs/f16_p1_n10000/profile/PROF_000001_20260831193136136_QLBDFOAQBHEJGPIA/mindstudio_profiler_output/op_summary_20260831193150.csv
f16_p2_n10000,Greater,1050,150,900,5.0,5.38195,5.017597777777778,0.2335259785585501,0.04654139070150326,4.5,5.981,20,[20],0.362,0.172,0.704,0.132,PASS,specs/f16_p2_n10000/profile/PROF_000001_20260831193158314_CPGQBGBAEQREBARB/mindstudio_profiler_output/op_summary_20260831193214.csv
f16_p2_outer1,Greater,1050,150,900,2.6,2.8000499999999997,2.6074033333333335,0.10806137448485262,0.04144405781161051,2.38,3.021,1,[1],0.32,0.11,0.704,0.104,PASS,specs/f16_p2_outer1/profile/PROF_000001_20260831193222395_GLBNMMRJAEKBEEOA/mindstudio_profiler_output/op_summary_20260831193236.csv
f16_p2_outer19,Greater,1050,150,900,3.38,3.62,3.4024077777777775,0.11095939870839425,0.032612022413393796,3.22,3.96,3,[3],0.268,0.222,0.63,0.138,PASS,specs/f16_p2_outer19/profile/PROF_000001_20260831193244349_DLQKLLGOQNNFRCMC/mindstudio_profiler_output/op_summary_20260831193259.csv
f16_p2_outer20,Greater,1050,150,900,3.66,3.9400500000000003,3.679191111111111,0.15315664867089107,0.04162780460312592,3.26,4.141,3,[3],0.304,0.214,0.6014999999999999,0.133,PASS,specs/f16_p2_outer20/profile/PROF_000001_20260831193307491_LOOJNHLNKLINCBNC/mindstudio_profiler_output/op_summary_20260831193322.csv
f16_p2_outer21,Greater,1050,150,900,3.82,4.08,3.832482222222222,0.12444163609926427,0.03247024483967682,3.56,4.221,3,[3],0.294,0.211,0.6105,0.133,PASS,specs/f16_p2_outer21/profile/PROF_000001_20260831193330508_OBFDOIRPRRHNCOHC/mindstudio_profiler_output/op_summary_20260831193345.csv
f32_p2_n7,Greater,1050,150,900,4.52,4.72,4.525586666666666,0.1085344709195091,0.023982409113700715,4.26,5.18,1,[1],0.442,0.149,0.447,0.286,PASS,specs/f32_p2_n7/profile/PROF_000001_20260831193353347_ENOFHJMNBDPEMKFA/mindstudio_profiler_output/op_summary_20260831193410.csv
f32_p2_n31,Greater,1050,150,900,3.82,4.06,3.8247288888888886,0.1277976258207956,0.03341351231248229,3.58,4.38,1,[1],0.39,0.179,0.564,0.34,PASS,specs/f32_p2_n31/profile/PROF_000001_20260831193417681_JCNABDHPLGFCEDEC/mindstudio_profiler_output/op_summary_20260831193433.csv
f32_p2_n255,Greater,1050,150,900,3.54,3.8000499999999997,3.5483955555555555,0.13756993850491803,0.038769617521792706,3.26,4.241,2,[2],0.352,0.125,0.527,0.185,PASS,specs/f32_p2_n255/profile/PROF_000001_20260831193440564_QHNEBAFJCHAECPCC/mindstudio_profiler_output/op_summary_20260831193455.csv
