spec,cohort,median_a_us,median_b_us,median_delta_us,median_relative_delta,candidate_faster_pairs,pair_count,a_block_dim,b_block_dim,target_pass,material_regression,material_pairs
f16_same_big,control,308.032,309.772,1.740000000000009,0.005648763764803687,0,1,40,40,yes,no,
f16_same_med,control,33.221,33.081,-0.13999999999999346,-0.004214201860268911,1,1,20,20,yes,no,
f16_same_sml,control,2.8,2.8,0.0,0.0,0,1,8,8,yes,no,
f16_same_12m,control,66.203,65.482,-0.7210000000000036,-0.010890745132395867,1,1,20,20,yes,no,
f16_same_14m,control,74.963,77.743,2.780000000000001,0.03708496191454453,0,1,40,40,yes,no,
f16_bouter,control,52.662,53.162,0.5,0.009494512171964604,0,1,40,40,yes,no,
f16_bouter_big,control,198.528,199.598,1.0700000000000216,0.005389667956157427,0,1,40,40,yes,no,
f16_binner,control,54.942,52.042,-2.8999999999999986,-0.05278293473117103,1,1,40,40,yes,no,
f16_bboth,control,54.342,52.562,-1.7800000000000011,-0.03275551139082112,1,1,40,40,yes,no,
f16_3d_bouter,control,91.324,91.824,0.5,0.0054750120450264995,0,1,40,40,yes,no,
f16_5d_bcast,control,4.8,4.661,-0.13900000000000023,-0.028958333333333384,1,1,20,20,yes,no,
f16_tail_same,control,42.882,43.792,0.9100000000000037,0.021221025138752944,0,1,20,20,yes,no,
f16_tail_bouter,control,35.9615,34.962,-0.9994999999999976,-0.02779361261348936,1,1,40,40,yes,no,
f16_tail_bouter_rev,control,33.681,34.961,1.2800000000000011,0.0380036222202429,0,1,40,40,yes,no,
f16_tail_binner,control,39.122,39.6415,0.5195000000000007,0.013278973467614148,0,1,40,40,yes,no,
f16_tail_binner_rev,control,39.442,38.5715,-0.8704999999999998,-0.02207038182647938,1,1,40,40,yes,no,
f16_p1_rows2,control,2.98,2.94,-0.040000000000000036,-0.01342281879194632,1,1,1,1,yes,no,
f16_p1_rows2_rev,control,2.961,2.94,-0.020999999999999908,-0.007092198581560253,1,1,1,1,yes,no,
f16_p1_partial_tail,control,58.682,58.682,0.0,0.0,0,1,16,16,yes,no,
f16_p2_5d_tail,control,3.82,3.96,0.14000000000000012,0.036649214659685896,0,1,2,2,yes,no,
f16_p1_large_inner,target,354.114,235.149,-118.96499999999997,-0.3359511343804537,1,1,20,40,yes,no,
f16_p2_large_inner,control,454.519,452.578,-1.941000000000031,-0.004270448540105102,1,1,20,20,yes,no,
f16_p1_tiny_inner_big,control,1401.116,1402.086,0.9700000000000273,0.0006923052766509177,0,1,40,40,yes,no,
f16_p2_tiny_inner_big,control,1452.4279999999999,1451.688,-0.7399999999997817,-0.0005094916925312523,1,1,40,40,yes,no,
f16_vec,control,308.533,312.452,3.9189999999999827,0.012702044837991342,0,1,40,40,yes,no,
f32_same_big,control,539.042,538.342,-0.7000000000000455,-0.0012986001090824935,1,1,40,40,yes,no,
f32_same_4m,control,43.301,45.781,2.479999999999997,0.05727350407611826,0,1,20,20,yes,yes,1
f32_same_8m,control,85.424,83.123,-2.301000000000002,-0.026936224011987284,1,1,40,40,yes,no,
f32_bouter,control,88.924,87.7835,-1.140500000000003,-0.01282555890423286,1,1,40,40,yes,no,
f32_binner,control,88.4135,87.624,-0.7895000000000039,-0.008929631787000897,1,1,40,40,yes,no,
f32_binner_16128,control,87.804,87.783,-0.021000000000000796,-0.0002391690583572593,1,1,40,40,yes,no,
f32_binner_16129,control,88.403,86.244,-2.159000000000006,-0.024422248113751863,1,1,40,40,yes,no,
f32_tail_same,control,43.162,42.422,-0.740000000000002,-0.017144710625086927,1,1,20,20,yes,no,
f32_p1_large_inner,target,232.86950000000002,202.468,-30.401500000000027,-0.13055166090879236,1,1,20,40,yes,no,
f32_p2_large_inner,control,279.87149999999997,279.411,-0.4604999999999677,-0.0016453979772858892,1,1,20,20,yes,no,
f32_p1_tiny_inner_big,control,1673.847,1674.477,0.6300000000001091,0.0003763784862057937,0,1,40,40,yes,no,
f32_p2_tiny_inner_big,control,1981.079,1987.0794999999998,6.0004999999998745,0.0030289049553298354,0,1,40,40,yes,no,
bf16_same_big,control,162.7165,168.727,6.0105000000000075,0.036938478888127554,0,1,40,40,yes,no,
bf16_bouter,control,18.441,18.981,0.5400000000000027,0.029282576866764422,0,1,40,40,yes,no,
bf16_binner,control,22.381,22.381,0.0,0.0,0,1,40,40,yes,no,
i32_same_big,control,161.386,161.227,-0.15899999999999181,-0.0009852155701237518,1,1,40,40,yes,no,
i32_bouter,control,29.601,29.161,-0.4399999999999977,-0.01486436269044957,1,1,40,40,yes,no,
i32_binner,control,30.702,31.901,1.198999999999998,0.039052830434499315,0,1,40,40,yes,no,
i8_same_big,control,176.827,179.747,2.920000000000016,0.016513315274251195,0,1,40,40,yes,no,
i8_bouter,control,44.762,44.622,-0.14000000000000057,-0.003127652919887417,1,1,40,40,yes,no,
i8_binner,control,43.721,42.922,-0.7989999999999995,-0.018274970837812484,1,1,40,40,yes,no,
scalar,control,2.04,2.18,0.14000000000000012,0.06862745098039222,0,1,1,1,yes,no,
f16_bscalar_x,control,30.1115,29.562,-0.5494999999999983,-0.018248841804626083,1,1,40,40,yes,no,
f16_tail_1d,control,2.4,2.401,0.0009999999999998899,0.0004166666666666208,0,1,4,4,yes,no,
f16_tail_p1,control,3.5705,3.62,0.0495000000000001,0.013863604537179695,0,1,3,3,yes,no,
f16_tail_p1_rev,control,3.72,3.5,-0.2200000000000002,-0.05913978494623661,1,1,3,3,yes,no,
f16_tail_p2,control,3.76,3.52,-0.23999999999999977,-0.06382978723404249,1,1,3,3,yes,no,
f16_tail_p2_rev,control,3.54,3.6,0.06000000000000005,0.016949152542372895,0,1,3,3,yes,no,
f32_tail_p1,control,3.72,3.78,0.05999999999999961,0.01612903225806441,0,1,5,5,yes,no,
f32_tail_p1_rev,control,3.661,3.84,0.17899999999999983,0.04889374487844846,0,1,5,5,yes,no,
f32_tail_p2,control,3.46,3.36,-0.10000000000000009,-0.02890173410404627,1,1,5,5,yes,no,
f32_tail_p2_rev,control,3.4,3.38,-0.020000000000000018,-0.005882352941176476,1,1,5,5,yes,no,
bf16_tail_p1,control,3.9,3.98,0.08000000000000007,0.02051282051282053,0,1,4,4,yes,no,
bf16_tail_p1_rev,control,3.98,3.9705,-0.009500000000000064,-0.0023869346733668504,1,1,4,4,yes,no,
bf16_tail_p2,control,3.96,3.82,-0.14000000000000012,-0.03535353535353539,1,1,4,4,yes,no,
bf16_tail_p2_rev,control,3.841,3.82,-0.02100000000000035,-0.005467326217131046,1,1,4,4,yes,no,
i32_tail_p1,control,4.321,4.26,-0.06099999999999994,-0.014117102522564208,1,1,6,6,yes,no,
i32_tail_p1_rev,control,4.34,4.421,0.0810000000000004,0.018663594470046178,0,1,6,6,yes,no,
i32_tail_p2,control,4.061,4.06,-0.001000000000000334,-0.00024624476729877715,1,1,6,6,yes,no,
i32_tail_p2_rev,control,4.04,4.06,0.019999999999999574,0.004950495049504845,0,1,6,6,yes,no,
i8_tail_p1,control,3.84,3.6,-0.23999999999999977,-0.062499999999999944,1,1,3,3,yes,no,
i8_tail_p1_rev,control,3.9,3.62,-0.2799999999999998,-0.07179487179487175,1,1,3,3,yes,no,
i8_tail_p2,control,3.58,3.46,-0.1200000000000001,-0.033519553072625725,1,1,3,3,yes,no,
i8_tail_p2_rev,control,3.38,3.48,0.10000000000000009,0.029585798816568074,0,1,3,3,yes,no,
f16_p1_n1,control,4.4,4.7,0.2999999999999998,0.06818181818181814,0,1,1,1,yes,no,
f16_p2_n1,control,2.18,2.1,-0.08000000000000007,-0.03669724770642205,1,1,1,1,yes,no,
f16_p1_n7,control,4.5,3.98,-0.52,-0.11555555555555556,1,1,1,1,yes,no,
f16_p2_n7,control,4.3,4.1,-0.20000000000000018,-0.046511627906976785,1,1,1,1,yes,no,
f16_p1_n31,control,3.8405,3.82,-0.020500000000000185,-0.005337846634552841,1,1,1,1,yes,no,
f16_p2_n31,control,4.06,3.98,-0.07999999999999963,-0.019704433497536856,1,1,1,1,yes,no,
f16_p1_n33,control,4.161,3.88,-0.2809999999999997,-0.06753184330689731,1,1,1,1,yes,no,
f16_p2_n33,control,3.78,3.78,0.0,0.0,0,1,1,1,yes,no,
f16_p1_n255,control,3.66,3.76,0.09999999999999964,0.0273224043715846,0,1,1,1,yes,no,
f16_p2_n255,control,3.56,3.72,0.16000000000000014,0.04494382022471914,0,1,1,1,yes,no,
f16_p1_n257,control,3.52,3.5,-0.020000000000000018,-0.005681818181818187,1,1,1,1,yes,no,
f16_p2_n257,control,4.54,4.44,-0.09999999999999964,-0.022026431718061595,1,1,1,1,yes,no,
f16_p1_n777,control,4.06,3.92,-0.13999999999999968,-0.03448275862068958,1,1,2,2,yes,no,
f16_p2_n777,control,4.5,4.34,-0.16000000000000014,-0.03555555555555559,1,1,2,2,yes,no,
f16_p1_n1000,control,3.7,3.62,-0.08000000000000007,-0.02162162162162164,1,1,3,3,yes,no,
f16_p2_n1000,control,3.52,3.62,0.10000000000000009,0.028409090909090936,0,1,3,3,yes,no,
f16_p1_n10000,control,4.78,4.78,0.0,0.0,0,1,20,20,yes,no,
f16_p2_n10000,control,5.0,5.021,0.020999999999999908,0.0041999999999999815,0,1,20,20,yes,no,
f16_p2_outer1,control,2.6,2.68,0.08000000000000007,0.030769230769230795,0,1,1,1,yes,no,
f16_p2_outer19,control,3.38,3.44,0.06000000000000005,0.017751479289940846,0,1,3,3,yes,no,
f16_p2_outer20,control,3.66,3.701,0.040999999999999925,0.011202185792349707,0,1,3,3,yes,no,
f16_p2_outer21,control,3.82,3.5,-0.31999999999999984,-0.08376963350785337,1,1,3,3,yes,no,
f32_p2_n7,control,4.52,4.321,-0.19899999999999984,-0.04402654867256634,1,1,1,1,yes,no,
f32_p2_n31,control,3.82,3.88,0.06000000000000005,0.015706806282722526,0,1,1,1,yes,no,
f32_p2_n255,control,3.54,3.62,0.08000000000000007,0.022598870056497196,0,1,2,2,yes,no,
